Code,ProductName,Membership,Price,Name,Size,Material,Features,Application,Image,CorporateSourceURL,ImageSourceURL
SL216S,Ghế Họp Chân Quỳ The One SL216S,PRODUCTDB_READ_ONLY,PRODUCTDB_READ_ONLY,THE_ONE_CORPORATE_SOURCE,THE_ONE_CORPORATE_SOURCE,PRODUCTDB_READ_ONLY_CROSS_CHECKED_WITH_SOURCE,THE_ONE_CORPORATE_SOURCE,BA_FURNITURE_EDITORIAL_FROM_VERIFIED_SPEC,INVENTORY_MAPPED_EXACT_CODE_ARCHIVE_VISUALLY_APPROVED,https://noithattheone.vn/ghe-phong-hop/ghe-hop-cao-cap-sl216.html,https://theone.vn/wp-content/uploads/2020/08/SL216S-1.jpg
SL225S,Ghế Họp Chân Quỳ The One SL225S,PRODUCTDB_READ_ONLY,PRODUCTDB_READ_ONLY,THE_ONE_CORPORATE_SOURCE,THE_ONE_CORPORATE_SOURCE,PRODUCTDB_READ_ONLY_CROSS_CHECKED_WITH_SOURCE,THE_ONE_CORPORATE_SOURCE,BA_FURNITURE_EDITORIAL_FROM_VERIFIED_SPEC,INVENTORY_MAPPED_EXACT_CODE_ARCHIVE_VISUALLY_APPROVED,https://noithattheone.vn/ghe-phong-hop/ghe-hop-sl225s.html,https://theone.vn/wp-content/uploads/2020/08/SL225S-1.jpg
SL601S,Ghế Họp Chân Quỳ The One SL601S,PRODUCTDB_READ_ONLY,PRODUCTDB_READ_ONLY,THE_ONE_CORPORATE_SOURCE,THE_ONE_CORPORATE_SOURCE,PRODUCTDB_READ_ONLY_CROSS_CHECKED_WITH_SOURCE,THE_ONE_CORPORATE_SOURCE,BA_FURNITURE_EDITORIAL_FROM_VERIFIED_SPEC,INVENTORY_MAPPED_EXACT_CODE_ARCHIVE_VISUALLY_APPROVED,https://noithattheone.vn/ghe-phong-hop/ghe-hop-cao-cap-sl601s.html,https://theone.vn/wp-content/uploads/2020/08/SL601S-1.jpg
SL603M,Ghế Họp Chân Quỳ The One SL603M,PRODUCTDB_READ_ONLY,PRODUCTDB_READ_ONLY,THE_ONE_CORPORATE_SOURCE,THE_ONE_CORPORATE_SOURCE,PRODUCTDB_READ_ONLY_CROSS_CHECKED_WITH_SOURCE,THE_ONE_CORPORATE_SOURCE,BA_FURNITURE_EDITORIAL_FROM_VERIFIED_SPEC,INVENTORY_MAPPED_EXACT_CODE_ARCHIVE_VISUALLY_APPROVED,https://noithattheone.vn/ghe-hop-sl/ghe-hop-cao-cap-sl603m.html,https://theone.vn/wp-content/uploads/2020/08/SL603M-1.jpg
SL606,Ghế Họp Chân Quỳ SL606,PRODUCTDB_READ_ONLY,PRODUCTDB_READ_ONLY,THE_ONE_CORPORATE_SOURCE,THE_ONE_CORPORATE_SOURCE,PRODUCTDB_READ_ONLY_CROSS_CHECKED_WITH_SOURCE,THE_ONE_CORPORATE_SOURCE,BA_FURNITURE_EDITORIAL_FROM_VERIFIED_SPEC,INVENTORY_MAPPED_EXACT_CODE_ARCHIVE_VISUALLY_APPROVED,https://noithattheone.vn/ghe-phong-hop/ghe-hop-cao-cap-sl606.html,https://theone.vn/wp-content/uploads/2020/08/SL606-1.jpg
SL607,Ghế Họp Chân Quỳ The One SL607,PRODUCTDB_READ_ONLY,PRODUCTDB_READ_ONLY,THE_ONE_CORPORATE_SOURCE,THE_ONE_CORPORATE_SOURCE,PRODUCTDB_READ_ONLY_CROSS_CHECKED_WITH_SOURCE,THE_ONE_CORPORATE_SOURCE,BA_FURNITURE_EDITORIAL_FROM_VERIFIED_SPEC,INVENTORY_MAPPED_EXACT_CODE_ARCHIVE_VISUALLY_APPROVED,https://noithattheone.vn/ghe-phong-hop/ghe-hop-cao-cap-sl607.html,https://theone.vn/wp-content/uploads/2020/08/SL607-1.jpg
SL710S,Ghế Họp Chân Quỳ The One SL710S,PRODUCTDB_READ_ONLY,PRODUCTDB_READ_ONLY,THE_ONE_CORPORATE_SOURCE,THE_ONE_CORPORATE_SOURCE,PRODUCTDB_READ_ONLY_CROSS_CHECKED_WITH_SOURCE,THE_ONE_CORPORATE_SOURCE,BA_FURNITURE_EDITORIAL_FROM_VERIFIED_SPEC,INVENTORY_MAPPED_EXACT_CODE_ARCHIVE_VISUALLY_APPROVED,https://noithattheone.vn/ghe-phong-hop/ghe-hop-cao-cap-sl710s.html,https://theone.vn/wp-content/uploads/2020/08/SL710S.jpg
SL711S,Ghế Họp Chân Quỳ The One SL711S,PRODUCTDB_READ_ONLY,PRODUCTDB_READ_ONLY,THE_ONE_CORPORATE_SOURCE,THE_ONE_CORPORATE_SOURCE,PRODUCTDB_READ_ONLY_CROSS_CHECKED_WITH_SOURCE,THE_ONE_CORPORATE_SOURCE,BA_FURNITURE_EDITORIAL_FROM_VERIFIED_SPEC,INVENTORY_MAPPED_EXACT_CODE_ARCHIVE_VISUALLY_APPROVED,https://noithattheone.vn/ghe-phong-hop/ghe-ho-cao-cap-sl711s.html,https://theone.vn/wp-content/uploads/2020/08/SL711S-1.jpg
SL712S,Ghế Họp Chân Quỳ The One SL712S,PRODUCTDB_READ_ONLY,PRODUCTDB_READ_ONLY,THE_ONE_CORPORATE_SOURCE,THE_ONE_CORPORATE_SOURCE,PRODUCTDB_READ_ONLY_CROSS_CHECKED_WITH_SOURCE,THE_ONE_CORPORATE_SOURCE,BA_FURNITURE_EDITORIAL_FROM_VERIFIED_SPEC,INVENTORY_MAPPED_EXACT_CODE_ARCHIVE_VISUALLY_APPROVED,https://noithattheone.vn/ghe-phong-hop/ghe-hop-cao-cap-sl712s.html,https://theone.vn/wp-content/uploads/2020/08/SL712S-1.jpg
SL718M,Ghế Họp Chân Quỳ The One SL718M,PRODUCTDB_READ_ONLY,PRODUCTDB_READ_ONLY,THE_ONE_CORPORATE_SOURCE,THE_ONE_CORPORATE_SOURCE,PRODUCTDB_READ_ONLY_CROSS_CHECKED_WITH_SOURCE,THE_ONE_CORPORATE_SOURCE,BA_FURNITURE_EDITORIAL_FROM_VERIFIED_SPEC,INVENTORY_MAPPED_EXACT_CODE_ARCHIVE_VISUALLY_APPROVED,https://noithattheone.vn/ghe-phong-hop/ghe-hop-cao-cap-sl718m.html,https://theone.vn/wp-content/uploads/2020/08/SL718M-1.jpg
SL719M,Ghế Họp Chân Quỳ The One SL719M,PRODUCTDB_READ_ONLY,PRODUCTDB_READ_ONLY,THE_ONE_CORPORATE_SOURCE,THE_ONE_CORPORATE_SOURCE,PRODUCTDB_READ_ONLY_CROSS_CHECKED_WITH_SOURCE,THE_ONE_CORPORATE_SOURCE,BA_FURNITURE_EDITORIAL_FROM_VERIFIED_SPEC,INVENTORY_MAPPED_EXACT_CODE_ARCHIVE_VISUALLY_APPROVED,https://noithattheone.vn/ghe-phong-hop/ghe-hop-cao-cap-sl719m.html,https://theone.vn/wp-content/uploads/2020/08/SL719M-1.jpg
SL721M,Ghế Họp Chân Quỳ The One SL721M,PRODUCTDB_READ_ONLY,PRODUCTDB_READ_ONLY,THE_ONE_CORPORATE_SOURCE,THE_ONE_CORPORATE_SOURCE,PRODUCTDB_READ_ONLY_CROSS_CHECKED_WITH_SOURCE,THE_ONE_CORPORATE_SOURCE,BA_FURNITURE_EDITORIAL_FROM_VERIFIED_SPEC,INVENTORY_MAPPED_EXACT_CODE_ARCHIVE_VISUALLY_APPROVED,https://noithattheone.vn/ghe-phong-hop/ghe-hop-cao-cap-sl721m.html,https://theone.vn/wp-content/uploads/2020/08/SL721M-1.jpg
SL811M,Ghế Họp Chân Quỳ The One SL811M,PRODUCTDB_READ_ONLY,PRODUCTDB_READ_ONLY,THE_ONE_CORPORATE_SOURCE,THE_ONE_CORPORATE_SOURCE,PRODUCTDB_READ_ONLY_CROSS_CHECKED_WITH_SOURCE,THE_ONE_CORPORATE_SOURCE,BA_FURNITURE_EDITORIAL_FROM_VERIFIED_SPEC,INVENTORY_MAPPED_EXACT_CODE_ARCHIVE_VISUALLY_APPROVED,https://noithattheone.vn/ghe-phong-hop/ghe-hop-cao-cap-sl811m.html,https://theone.vn/wp-content/uploads/2020/08/SL811M-1.jpg
SL901,Ghế Họp Chân Quỳ The One SL901,PRODUCTDB_READ_ONLY,PRODUCTDB_READ_ONLY,THE_ONE_CORPORATE_SOURCE,THE_ONE_CORPORATE_SOURCE,PRODUCTDB_READ_ONLY_CROSS_CHECKED_WITH_SOURCE,THE_ONE_CORPORATE_SOURCE,BA_FURNITURE_EDITORIAL_FROM_VERIFIED_SPEC,INVENTORY_MAPPED_EXACT_CODE_ARCHIVE_VISUALLY_APPROVED,https://noithattheone.vn/ghe-phong-hop/ghe-ho-cao-cap-sl901.html,https://theone.vn/wp-content/uploads/2020/08/SL901-1.jpg
SL903,Ghế Họp Chân Quỳ The One SL903,PRODUCTDB_READ_ONLY,PRODUCTDB_READ_ONLY,THE_ONE_CORPORATE_SOURCE,THE_ONE_CORPORATE_SOURCE,PRODUCTDB_READ_ONLY_CROSS_CHECKED_WITH_SOURCE,THE_ONE_CORPORATE_SOURCE,BA_FURNITURE_EDITORIAL_FROM_VERIFIED_SPEC,INVENTORY_MAPPED_EXACT_CODE_ARCHIVE_VISUALLY_APPROVED,https://noithattheone.vn/ghe-phong-hop/ghe-hop-cao-cap-sl903.html,https://theone.vn/wp-content/uploads/2020/08/SL903-1.jpg
SL904,Ghế Họp Chân Quỳ The One SL904,PRODUCTDB_READ_ONLY,PRODUCTDB_READ_ONLY,THE_ONE_CORPORATE_SOURCE,THE_ONE_CORPORATE_SOURCE,PRODUCTDB_READ_ONLY_CROSS_CHECKED_WITH_SOURCE,THE_ONE_CORPORATE_SOURCE,BA_FURNITURE_EDITORIAL_FROM_VERIFIED_SPEC,INVENTORY_MAPPED_EXACT_CODE_ARCHIVE_VISUALLY_APPROVED,https://noithattheone.vn/ghe-phong-hop/ghe-hop-cao-cap-sl904.html,https://theone.vn/wp-content/uploads/2020/08/SL904-1.jpg
SL905,Ghế Họp Chân Quỳ The One SL905,PRODUCTDB_READ_ONLY,PRODUCTDB_READ_ONLY,THE_ONE_CORPORATE_SOURCE,THE_ONE_CORPORATE_SOURCE,PRODUCTDB_READ_ONLY_CROSS_CHECKED_WITH_SOURCE,THE_ONE_CORPORATE_SOURCE,BA_FURNITURE_EDITORIAL_FROM_VERIFIED_SPEC,INVENTORY_MAPPED_EXACT_CODE_ARCHIVE_VISUALLY_APPROVED,https://noithattheone.vn/ghe-phong-hop/ghe-phong-hop-1902.html,https://theone.vn/wp-content/uploads/2022/02/SL905.jpg
SL906,Ghế Họp Chân Quỳ The One SL906,PRODUCTDB_READ_ONLY,PRODUCTDB_READ_ONLY,THE_ONE_CORPORATE_SOURCE,THE_ONE_CORPORATE_SOURCE,PRODUCTDB_READ_ONLY_CROSS_CHECKED_WITH_SOURCE,THE_ONE_CORPORATE_SOURCE,BA_FURNITURE_EDITORIAL_FROM_VERIFIED_SPEC,INVENTORY_MAPPED_EXACT_CODE_ARCHIVE_VISUALLY_APPROVED,https://noithattheone.vn/ghe-phong-hop/ghe-phong-hop-SL906.html,https://theone.vn/wp-content/uploads/2022/05/SL906.jpg
SL908,Ghế Họp Chân Quỳ The One SL908,PRODUCTDB_READ_ONLY,PRODUCTDB_READ_ONLY,THE_ONE_CORPORATE_SOURCE,THE_ONE_CORPORATE_SOURCE,PRODUCTDB_READ_ONLY_CROSS_CHECKED_WITH_SOURCE,THE_ONE_CORPORATE_SOURCE,BA_FURNITURE_EDITORIAL_FROM_VERIFIED_SPEC,INVENTORY_MAPPED_EXACT_CODE_ARCHIVE_VISUALLY_APPROVED,https://noithattheone.vn/ghe-phong-hop/ghe-phong-hop-SL908.html,https://theone.vn/wp-content/uploads/2020/08/SL908-theonevn.jpg
SL926,Ghế Họp Chân Quỳ The One SL926,PRODUCTDB_READ_ONLY,PRODUCTDB_READ_ONLY,THE_ONE_CORPORATE_SOURCE,THE_ONE_CORPORATE_SOURCE,PRODUCTDB_READ_ONLY_CROSS_CHECKED_WITH_SOURCE,THE_ONE_CORPORATE_SOURCE,BA_FURNITURE_EDITORIAL_FROM_VERIFIED_SPEC,INVENTORY_MAPPED_EXACT_CODE_ARCHIVE_VISUALLY_APPROVED,https://noithattheone.vn/ghe-phong-hop/ghe-hop-cao-cap-sl926.html,https://theone.vn/wp-content/uploads/2022/02/SL926.jpg
SL933,Ghế Họp Chân Quỳ The One SL933,PRODUCTDB_READ_ONLY,PRODUCTDB_READ_ONLY,THE_ONE_CORPORATE_SOURCE,THE_ONE_CORPORATE_SOURCE,PRODUCTDB_READ_ONLY_CROSS_CHECKED_WITH_SOURCE,THE_ONE_CORPORATE_SOURCE,BA_FURNITURE_EDITORIAL_FROM_VERIFIED_SPEC,INVENTORY_MAPPED_EXACT_CODE_ARCHIVE_VISUALLY_APPROVED,https://noithattheone.vn/ghe-phong-hop/ghe-hop-cao-cap-sl933.html,https://theone.vn/wp-content/uploads/2022/08/SL933.jpg
SL9700M,Ghế Họp Chân Quỳ The One SL9700M,PRODUCTDB_READ_ONLY,PRODUCTDB_READ_ONLY,THE_ONE_CORPORATE_SOURCE,THE_ONE_CORPORATE_SOURCE,PRODUCTDB_READ_ONLY_CROSS_CHECKED_WITH_SOURCE,THE_ONE_CORPORATE_SOURCE,BA_FURNITURE_EDITORIAL_FROM_VERIFIED_SPEC,INVENTORY_MAPPED_EXACT_CODE_ARCHIVE_VISUALLY_APPROVED,https://noithattheone.vn/ghe-phong-hop/ghe-hop-cao-cap-sl9700m.html,https://theone.vn/wp-content/uploads/2020/08/SL9700M-1.jpg
